district_code,county_code,sub_county_code,sub_county_name
1,3,1,AKOKORO
1,3,2,APAC
1,3,3,"AKOKORO TOWN COUNCIL"
1,3,4,CHEGERE
1,3,5,IBUJE
1,3,6,"IBUJE TOWN COUNCIL"
1,3,7,TE-BOKE
1,3,8,APOI
1,291,1,"ATIK DIVISION"
1,291,2,"AKERE DIVISION"
1,291,3,"AGULLU DIVISION"
1,291,4,"AROCHA DIVISION"
2,7,1,ADUMI
2,7,2,AROI
2,7,3,OLUKO
2,7,4,PAJULU
2,7,5,MANIBE
2,7,6,DADAMU
2,7,7,AYIVUNI
2,11,1,AII-VU/AJIVU
2,11,2,BELEAFE
2,11,3,KATRINI
2,12,1,AJIA
2,12,2,ARIVU
2,12,3,LOGIRI
2,12,4,VURRA
2,13,1,"ARUA HILL"
2,13,2,"OLI RIVER"
2,279,4,OMUGO
2,279,5,ODUPI
2,279,6,URIAMA
3,14,1,BUBANDI
3,14,2,BUBUKWANGA
3,14,3,"BUNDIBUGYO TOWN COUNCIL"
3,14,4,BUSARU
3,14,5,"NYAHUKA  TOWN COUNCIL"
3,14,6,KIRUMYA
3,14,7,KISUBBA
3,14,8,MIRAMBI
3,14,9,BUNDINGOMA
3,14,10,TOKWE
3,14,11,"BUSUNGA TOWN COUNCIL"
3,14,12,"BUGANIKERE TOWN COUNCIL"
3,215,1,HARUGALI
3,215,2,KASITU
3,215,3,NDUGUTU
3,215,4,BUKONZO
3,215,5,NTOTORO
3,215,6,SINDILA
3,215,7,NGAMBA
3,215,8,BURONDO
3,215,9,KAGUGU
3,215,10,"NTANDI TOWN COUNCIL"
3,215,11,MABERE
3,215,12,"BUTAMA-MITUNDA TOWN COUNCIL"
3,215,13,MBATYA
3,215,14,NGITE
4,18,1,BUMBAIRE
4,18,2,KYABUGIMBI
4,18,3,KYEIZOOBA
4,18,4,"KYABUGIMBI TOWN COUNCIL"
4,18,5,IBAARE
4,18,6,RUHUMURO
4,18,7,"RWENTUHA TOWN COUNCIL"
4,19,1,"KYAMUHUNGA TOWN COUNCIL"
4,19,2,KAKANJU
4,19,3,KYAMUHUNGA
4,19,4,NYABUBARE
4,19,5,"BITOOMA TOWN COUNCIL"
4,19,6,"KIZINDA TOWN COUNCIL"
4,19,7,NKANGA
4,225,1,"CENTRAL DIVISION"
4,225,2,"ISHAKA DIVISION"
4,225,3,"NYAKABIRIZI DIVISION"
5,23,1,AWACH
5,23,2,BUNGATIRA
5,23,3,PAICHO
5,23,4,PALARO
5,23,5,PATIKO
5,23,6,UNYAMA
5,23,7,LALIYA
5,23,8,OMEL
5,23,9,OWALO
5,23,10,OWOO
5,23,11,PAIBONA
5,23,12,PUKONY
5,27,1,BAR-DEGE
5,27,2,LAROO
5,27,3,LAYIBI
5,27,4,PECE
6,28,1,BUHANIKA
6,28,2,BUSERUKA
6,28,7,KITOBA
6,28,8,KYABIGAMBIRE
6,28,9,KABAALE
6,28,10,BURARU
6,227,1,"BUJUMBURA DIVISION"
6,227,2,"MPARO DIVISION"
6,227,3,"BUSIISI DIVISION"
6,227,4,"KAHOORA DIVISION"
6,264,1,KAPAAPI
6,264,2,BOMBO
6,264,3,KISUKUMA
6,264,4,KIGANJA
6,264,5,KIGOROBYA
6,264,6,"KIGOROBYA TOWN COUNCIL"
6,264,7,KIJONGO
7,38,1,NABITENDE
7,38,2,NAMBALE
7,38,3,NAMUNGALWE
7,38,4,NAWANDALA
7,38,5,KIDAAGO
7,39,1,BULAMAGI
7,39,3,NAKALAMA
7,39,4,NAKIGO
7,39,5,NAWANYINGI
7,228,1,"CENTRAL DIVISION"
7,228,2,"NORTHERN DIVISION"
8,41,1,BUSEDDE
8,41,2,"KAKIRA TOWN COUNCIL"
8,41,3,MAFUBIRA
8,41,4,"BUGEMBE TOWN COUNCIL"
8,42,1,BUDONDO
8,42,2,BUTAGAYA
8,42,3,BUWENGE
8,42,4,"BUWENGE TOWN COUNCIL"
8,42,5,BUYENGO
8,43,1,"JINJA CENTRAL"
8,43,2,WALUKUBA/MASESE
8,44,1,"JINJA CENTRAL"
8,44,2,"KIMAKA /MPUMUDDE"
9,45,1,BUHARA
9,45,2,KAHARO
9,45,3,KYANAMIRA
9,45,4,MAZIBA
9,46,1,KAMUGANGUZI
9,46,2,KITUMBA
9,46,3,RUBAYA
9,46,4,BUTANDA
9,46,5,"KATUNA TOWN COUNCIL"
9,46,6,"RYAKARIMIRA TOWN COUNCIL"
9,46,7,KIBUGA
9,46,8,KAHUNGYE
9,50,1,"KABALE CENTRAL"
9,50,2,"KABALE NORTHERN"
9,50,3,"KABALE SOUTHERN"
10,52,1,BUKUUKU
10,52,2,BUSORO
10,52,3,HAKIBALE
10,52,4,KARAMBI
10,52,5,KICWAMBA
10,52,6,MUGUSU
10,52,7,RUTEETE
10,52,8,KASENDA
10,52,9,KARANGURA
10,52,10,"KIJURA TOWN COUNCIL"
10,52,11,"KIKO TOWN COUNCIL"
10,52,12,"KARAGO TOWN COUNCIL"
10,52,13,HARUGONGO
10,52,14,KABENDE
10,52,15,"MUGUSU TOWN COUNCIL"
10,52,16,"KASENDA TOWN COUNCIL"
10,52,17,KIGUMA
10,52,18,RWENGAJU
10,58,1,"EASTERN DIVISION"
10,58,2,"SOUTHERN DIVISION"
10,58,3,"WESTERN  DIVISION"
11,59,1,BUJUMBA
11,59,2,"KALANGALA TOWN COUNCIL"
11,59,3,MUGOYE
11,60,1,BUFUMIRA
11,60,2,BUBEKE
11,60,3,KYAMUSWA
11,60,4,MAZINGA
12,61,1,"KAMPALA CENTRAL"
12,62,1,"KAWEMPE DIVISION"
12,63,1,"KAWEMPE DIVISION"
12,63,2,"MAKERERE UNIVERSITY"
12,64,1,"MAKINDYE DIVISION"
12,65,1,"MAKINDYE DIVISION"
12,66,1,"RUBAGA DIVISION"
12,67,1,"RUBAGA DIVISION"
12,68,1,NAKAWA
13,70,1,BALAWOLI
13,70,3,NABWIGULU
13,70,4,NAMASAGALI
13,70,5,"BALAWOLI TOWN COUNCIL"
13,70,6,KAGUMBA
13,71,1,BULOPA
13,71,2,BUTANSI
13,71,3,KITAYUNJWA
13,71,4,NAMWENDWA
13,71,5,"NAMWENDWA TOWN COUNCIL"
13,73,1,BUGULUMBYA
13,73,2,KISOZI
13,73,3,MBULAMUTI
13,73,4,NAWANYAGO
13,73,5,WANKOLE
13,73,6,MAGOGO
13,73,7,"KISOZI TOWN COUNCIL"
13,73,8,"MBULAMUTI TOWN COUNCIL"
13,73,9,"KASAMBIRA TOWN COUNCIL"
13,73,10,"NAWANYAGO TOWN COUNCIL"
13,282,1,"NORTHERN DIVISION"
13,282,2,"SOUTHERN DIVISION"
14,76,2,KAPTANYA
14,76,3,KASEREM
14,76,4,SIPI
14,76,6,CHEMA
14,76,7,KAWOWO
14,76,8,GAMOGO
14,76,9,KABEYWA
14,76,11,KAPSINDA
14,76,13,MUNARYA
14,76,14,AMUKOL
14,76,15,CHEPTERECH
14,76,16,"SIPI TOWN COUNCIL"
14,283,1,"CENTRAL DIVISION"
14,283,2,"EAST DIVISION"
14,283,3,"WEST DIVISION"
15,77,1,KISINGA
15,77,2,KYARUMBA
15,77,3,KYONDO
15,77,4,MAHANGO
15,77,5,MUNKUNYU
15,77,6,NYAKATONZI
15,77,7,"KISINGA TOWN COUNCIL"
15,77,8,"KINYAMESEKE TOWN COUNCIL"
15,77,9,KITABU
15,77,10,"KYARUMBA TOWN COUNCIL"
15,78,1,BWERA
15,78,2,IHANDIRO
15,78,3,KARAMBI
15,78,4,KITHOLU
15,78,5,NYAKIYUMBU
15,78,6,"MPONDWE/LHUBIRIHA TOWN COUNCIL"
15,78,7,ISANGO
15,79,1,BUGOYE
15,79,2,KITSWAMBA
15,79,3,KYABARUNGIRA
15,79,4,MALIBA
15,79,5,"HIMA TOWN COUNCIL"
15,79,6,BWESUMBU
15,79,7,BUHUHIRA
15,79,8,"RUGENDABARA-KIKONGO TOWN COUNC"
15,79,9,"MUBUKU TOWN COUNCIL"
15,79,10,"IBANDA-KYANYA TOWN COUNCIL"
15,80,1,KARUSANDARA
15,80,2,KAHOKYA
15,80,3,KILEMBE
15,80,4,"LAKE KABATORO TOWN COUNCIL"
15,80,5,"LAKE KATWE"
15,80,6,MUHOKYA
15,80,7,RUKOKI
15,80,8,MBUNGA
15,80,9,NYAKABINGO
15,229,1,"BULEMBIA DIVISION"
15,229,2,"CENTRAL DIVISION"
15,229,3,"NYAMWAMBA DIVISION"
16,83,1,BWAMIRAMIRA
16,83,2,"KIBAALE TOWN COUNCIL"
16,83,3,KYEBANDO
16,83,4,MATALE
16,83,5,MUGARAMA
16,83,6,BUBANGO
16,83,7,NYAMARWA
16,83,8,NYAMARUNDA
16,83,9,KABASEKENDE
16,83,10,KASIMBI
16,83,11,KARAMA
16,83,12,KAYANJA
16,83,13,KYAKAZIHIRE
17,84,1,BUKOMERO
17,84,2,DDWANIRO
17,84,3,KAPEKE
17,84,4,KIBIGA
17,84,5,"KIBOGA TOWN COUNCIL"
17,84,6,LWAMATA
17,84,7,MUWANGA
17,84,8,"BUKOMERO TOWN COUNCIL"
17,84,9,"LWAMATA TOWN COUNCIL"
17,84,10,KAYERA
17,84,11,KYEKUMBYA
17,84,12,KYOMYA
17,84,13,NAKASOZI
17,84,14,NKANDWA
18,86,1,BUKIMBIRI
18,86,2,KANABA
18,86,3,MURORA
18,86,4,NYAKABANDE
18,86,5,NYUNDO
18,87,1,BUSANZA
18,87,2,KIRUNDO
18,87,3,NYABWISHENYA
18,87,4,NYARUBUYE
18,87,5,"RUBUGURI TOWN COUNCIL"
18,88,1,CHAHI
18,88,3,MURAMBA
18,88,4,NYAKINAMA
18,88,5,NYARUSIZA
18,88,6,"CYANIKA TOWN COUNCIL"
18,88,7,"BUNAGANA TOWN COUNCIL"
18,285,1,"CENTRAL DIVISION"
18,285,2,"NORTH DIVISION"
18,285,3,"SOUTH DIVISION"
19,91,1,"KITGUM MATIDI"
19,91,2,"KITGUM MATIDI TOWN COUNCIL"
19,91,3,LABONGO-LAYAMO
19,91,4,LABONGO-AMIDA
19,91,6,LALANO
19,91,7,"LABONGO-AMIDA WEST"
19,91,8,LAGORO
19,91,9,AKWANG
19,250,1,"NAMOKORA TOWN COUNCIL"
19,250,2,KITENY
19,250,3,"MUCHWINI EAST"
19,250,4,"MUCHWINI WEST"
19,250,5,MUCHWINI
19,250,6,NAM-OKORA
19,250,7,OROM
19,250,8,"NAM-OKORA NORTH"
19,250,9,"OMIYA-ANYIMA WEST"
19,250,10,OMIYA-ANYIMA
19,250,11,"OROM EAST"
19,286,1,"CENTRAL DIVISION"
19,286,2,"PANDWONG DIVISION"
19,286,3,"PAGER DIVISION"
20,94,1,KACHERI
20,94,2,KOTIDO
20,94,3,KAMOR
20,94,4,NAKAPELIMORU
20,94,5,PANYANGARA
20,94,6,RENGEN
20,94,7,"KACHERI TOWN COUNCIL"
20,94,8,"LOKITELAEBU TOWN COUNCIL"
20,94,9,KANAIR
20,94,10,KAPETA
20,94,11,LOKWAKIAL
20,94,12,LOLETIO
20,94,14,LONGAROE
20,94,15,MAARU
20,94,16,NAPUMPUM
20,296,1,"CENTRAL DIVISION"
20,296,2,"NORTH DIVISION"
20,296,3,"SOUTH DIVISION"
20,296,4,"WEST DIVISION"
21,97,1,ATUTUR
21,97,2,KANAPA
21,97,3,KUMI
21,97,4,OGOOMA
21,97,5,TISAI
21,97,6,NYERO
21,97,7,ONGINO
21,258,1,KADAMI
21,258,2,KANYUM
21,258,3,KAKURES
21,258,4,KAMACA
21,258,5,MUKONGORO
21,288,1,"NORTH DIVISION"
21,288,2,"SOUTH DIVISION"
22,100,1,AROMO
22,100,2,LIRA
22,100,3,OGUR
22,100,4,AGWENG
22,100,5,"AGWENG TOWN COUNCIL"
22,100,6,AYAMI
22,101,1,ADEKOKWOK
22,101,3,BARR
22,101,4,AGALI
22,101,5,NGETTA
22,101,6,"AMACH TOWN COUNCIL"
22,101,7,ITEK
22,101,8,IWAL
22,101,9,WIODYEK
22,105,1,ADYEL
22,105,2,"LIRA CENTRAL"
22,105,3,OJWINA
22,105,4,RAILWAYS
23,107,1,BUTUNTUMULA
23,107,2,KATIKAMU
23,107,3,LUWERO
23,107,4,"LUWEERO  TOWN COUNCIL"
23,108,1,"BOMBO TOWN COUNCIL"
23,108,2,KATIKAMU
23,108,3,MAKULUBITA
23,108,4,NYIMBWA
23,108,5,"WOBULENZI TOWN COUNCIL"
23,110,1,BAMUNANIKA
23,110,2,KALAGALA
23,110,3,KAMIRA
23,110,4,KIKYUSA
23,110,5,ZIROBWE
24,114,1,BUKAKATA
24,114,2,BUWUNGA
24,114,3,MUKUNGWE
24,116,1,KABONERA
24,116,2,KYANAMUKAKA
24,116,3,KYESIIGA
24,121,1,KATWE/BUTEGO
24,121,2,KIMAANYA/KYABAKUZA
24,121,3,NYENDO/SENYANGE
25,122,1,BUDONGO
25,122,2,BWIJANGA
25,122,3,"KABANGO TOWN COUNCIL"
25,122,4,"BULIIMA TOWN COUNCIL"
25,122,5,BIKONZI
25,122,6,NYANTONZI
25,124,1,"KYATIRI TOWN COUNCIL"
25,124,2,KIMENGO
25,124,3,LABONGO
25,124,4,MIIRYA
25,124,5,KIRULI
25,124,6,PAKANYI
25,124,7,KIJUNJUBWA
25,124,8,"KIJUNJUBWA TOWN COUNCIL"
25,230,1,"KARUJUBU DIVISION"
25,230,2,"NYANGAHYA DIVISION"
25,230,3,"CENTRAL DIVISION"
25,230,4,"KIGULYA DIVISION"
26,131,1,BUFUMBO
26,131,2,BUKONDE
26,131,3,NAKALOKE
26,131,4,NAMANYONYI
26,131,5,WANALE
26,131,6,BUBYANGU
26,131,7,BUDWALE
26,131,8,LWASSO
26,131,9,"NAKALOKE TOWN COUNCIL"
26,131,10,NAMABASA
26,131,11,"JEWA TOWN COUNCIL"
26,132,1,BUKHIENDE
26,132,2,BUNGOKHO
26,132,3,BUSANO
26,132,4,BUSIU
26,132,5,BUSOBA
26,132,6,NAMBALE
26,132,7,BUKASAKYA
26,132,8,BUMASIKYE
26,132,9,LUKHONGE
26,132,10,NYONDO
26,132,11,BUMBOBI
26,132,12,"NABUMALI TOWN COUNCIL"
26,132,13,"BUSIU TOWN COUNCIL"
26,132,14,"NAUYO-BUGEMA TOWN COUNCIL"
26,132,15,BUNAMBUTYE
26,134,1,"INDUSTRIAL BOROUGH"
26,134,2,"NORTHERN BOROUGH"
26,134,3,"WANALE BOROUGH"
27,140,3,KAGONGI
27,140,5,KASHARE
27,140,7,RUBINDI
27,140,12,"RUBINDI-RUHUMBA TOWN COUNCIL"
27,144,1,KAKOBA
27,144,2,KAMUKUZI
27,144,3,NYAMITANGA
27,144,4,KAKIIKA
27,144,5,NYAKAYOJO
27,144,9,BIHARWE
27,259,1,BUBAARE
27,259,2,BUKIIRO
27,259,3,"BWIZIBWERA-RUTOOMA TOWN COUNCI"
27,259,6,RUBAYA
27,259,8,RWANYAMAHEMBE
28,147,1,LOPUTUK
28,147,2,NADUNGET
28,147,3,RUPA
28,147,4,LOTISAN
28,150,1,"NORTH DIVISION"
28,150,2,"SOUTH DIVISION"
28,278,1,KATIKEKILE
28,278,4,TAPAC
29,153,1,DUFILE
29,153,2,LEFORI
29,153,3,METU
29,153,4,MOYO
29,153,5,"MOYO TOWN COUNCIL"
29,153,6,LAROPI
29,153,7,OTCE
29,153,8,ALURU
30,162,1,KAMMENGO
30,162,2,KIRINGENTE
30,162,4,"MPIGI TOWN COUNCIL"
30,162,5,MUDUMA
30,163,1,BUWAMA
30,163,2,KITUNTU
30,163,3,NKOZI
30,163,4,"BUWAMA TOWN COUNCIL"
30,163,5,"KAYABWE TOWN COUNCIL"
31,166,1,KIRUUMA
31,166,2,BUTOLOOGO
31,166,3,KALONGA
31,166,4,KITENGA
31,166,5,KIYUUNI
31,166,6,MADUDU
31,166,7,KAYEBE
31,221,1,BAGEZZA
31,221,2,KIBALINGA
31,221,3,KASAMBYA
31,221,4,LUBIMBIRI
31,221,8,KIGANDO
31,221,9,NABINGOOLA
31,221,10,"KASAMBYA TOWN COUNCIL"
31,221,11,"NABINGOOLA TOWN COUNCIL"
31,290,1,"EAST DIVISION"
31,290,2,"SOUTH DIVISION"
31,290,3,"WEST DIVISION"
32,176,2,KYAMPISI
32,176,4,NAMA
32,177,1,"KOOME ISLANDS"
32,177,2,NAKISUNGA
32,177,4,MPUNGE
32,177,5,MPATTA
32,177,6,"KATOSI TOWN COUNCIL"
32,177,8,"NTENJERU-KISOGA TOWN COUNCIL"
32,178,1,KASAWO
32,178,2,KIMENYEDDE
32,178,4,NAGOJJE
32,178,5,NAMUGANGA
32,178,6,NTUNDA
32,178,7,"KASAWO TOWN COUNCIL"
32,178,8,"NAKIFUMA-NAGGALAMA TOWN COUNCI"
32,178,9,"NAMATABA TOWN COUNCIL"
32,231,1,"GOMA DIVISION"
32,231,3,"MUKONO CENTRAL DIVISION"
33,183,1,AKWORO
33,183,2,ERUSSI
33,183,3,KUCWINY
33,183,4,NEBBI
33,183,6,NYARAVUR
33,183,7,PAROMBO
33,183,8,ATEGO
33,183,9,NDHEW
33,183,10,"PAROMBO TOWN COUNCIL"
33,183,11,JUPANGIRA
33,183,12,ALALA
33,183,13,ACANA
33,183,14,PADWOT
33,292,1,"ABINDU DIVISION"
33,292,2,"CENTRAL DIVISION"
33,292,3,"THATHA DIVISION"
34,184,1,BWONGYERA
34,184,2,IHUNGA
34,184,3,KIBATSI
34,184,4,NYABIHOKO
34,184,5,"RWASHAMEIRE TOWN COUNCIL"
34,184,6,"KAGARAMA TOWN COUNCIL"
34,184,7,"NYAMUNUKA TOWN COUNCIL"
34,184,8,"RWAMABONDO TOWN COUNCIL"
34,184,9,NYABUSHENYI
34,185,1,NTUNGAMO
34,185,2,"KITWE TOWN COUNCIL"
34,185,3,NYAKYERA
34,185,4,RUHAAMA
34,185,5,"RUKONI WEST"
34,185,6,RWEIKINIRO
34,185,7,ITOJO
34,185,8,"RUKONI EAST"
34,185,9,"RUHAAMA EAST"
34,185,10,"KAFUNJO-MIRAMA TOWN COUNCIL"
34,185,11,"RWOHO TOWN COUNCIL"
34,185,12,"NYAMUKANA TOWN COUNCIL"
34,185,13,NYARUTUNTU
34,185,14,"NYAKYERA TOWN COUNCIL"
34,186,1,KAYONZA
34,186,2,NGOMA
34,186,3,RUBAARE
34,186,4,RUGARAMA
34,186,5,"RUBAARE TOWN COUNCIL"
34,186,6,"RWENTOBO-RWAHI TOWN COUNCIL"
34,186,7,"RUGARAMA NORTH"
34,232,1,"EASTERN DIVISION"
34,232,2,"CENTRAL DIVISION"
34,232,3,"WESTERN DIVISION"
35,190,1,"KAMUGE TOWN COUNCIL"
35,190,2,"BOLISO I"
35,190,5,KASODO
35,190,6,PALLISA
35,190,7,"PALLISA TOWN COUNCIL"
35,190,8,PUTI-PUTI
35,190,9,KAMUGE
35,190,12,OLOK
35,234,1,AGULE
35,234,2,APOPONG
35,234,3,GOGONYO
35,234,4,KAMEKE
35,234,5,"AGULE TOWN COUNCIL"
35,234,6,KAUKURA
35,234,7,OBOLISO
35,234,8,OBUTET
35,234,10,AKISIM
35,234,11,CHELEKURA
35,261,1,"KIBALE TOWN COUNCIL"
35,261,4,KIBALE
35,261,7,OPWATETA
36,193,1,BYAKABANDA
36,193,5,KYALULANGIRA
36,193,7,LWANDA
36,193,8,"RAKAI TOWN COUNCIL"
36,193,9,KIZIBA
36,193,10,KIBANDA
36,193,11,KIFAMBA
36,249,1,KASANKALA
36,249,2,DDWANIRO
36,249,3,KACHEERA
36,249,4,KAGAMBA
36,249,6,LWAMAGGWA
37,197,1,BUYANJA
37,197,2,KEBISONI
37,197,3,NYAKISHENYI
37,197,4,NYARUSHANJE
37,197,5,"KEBISONI TOWN COUNCIL"
37,197,6,"BUYANJA TOWN COUNCIL"
37,198,1,BUGANGARI
37,198,2,BUHUNGA
37,198,3,BWAMBARA
37,198,5,NYAKAGYEME
37,198,6,RUHINDA
37,198,7,"RWERERE TOWN COUNCIL"
37,198,8,"BIKURUNGU TOWN COUNCIL"
37,233,1,"EASTERN DIVISION"
37,233,2,"SOUTHERN DIVISION"
37,233,3,"WESTERN DIVISION"
38,205,1,AUKOT
38,205,2,ASURET
38,205,3,GWERI
38,205,4,KAMUDA
38,205,5,AWALIWAL
38,205,6,SOROTI
38,205,7,LALLE
38,205,8,OCOKICAN
38,205,9,"AMEN TOWN COUNCIL"
38,207,1,EASTERN
38,207,2,NORTHERN
38,207,3,WESTERN
38,251,1,ARAPAI
38,251,2,OCULOI
38,251,3,"ARAPAI TOWN COUNCIL"
38,251,4,"TUBUR TOWN COUNCIL"
38,251,5,KATINE
38,251,7,TUBUR
39,209,1,KIREWA
39,209,2,KISOKO
39,209,3,NAGONGERA
39,209,4,PAYA
39,209,5,PETTA
39,209,6,"NAGONGERA TOWN COUNCIL"
39,209,7,SOPSOP
39,209,8,KATAJULA
39,209,9,SONI
39,209,10,NAWIRE
39,209,11,SERE
39,210,1,IYOLWA
39,210,2,MULANDA
39,210,3,NABUYOGA
39,210,4,RUBONGI
39,210,5,MAGOLA
39,210,6,"NABUYOGA TOWN COUNCIL"
39,210,7,"PAJWENDA TOWN COUNCIL"
39,210,8,"IYOLWA TOWN COUNCIL"
39,210,9,OSIA
39,210,10,NYANGOLE
39,210,11,MWELLO
39,210,12,SIWA
39,210,13,OJILAI
39,213,1,KWAPA
39,213,2,KAYORO
39,213,3,MORUKATIPE
39,213,4,OSUKURU
39,213,5,MELLA
39,213,6,KALAIT
39,213,7,"MALABA TOWN COUNCIL"
39,214,1,"TORORO EASTERN"
39,214,2,"TORORO WESTERN"
39,281,1,APETAI
39,281,2,MOLO
39,281,3,MUKUJU
39,281,4,AKADOT
39,281,6,MERIKIT
40,151,1,"ADJUMANI TOWN COUNCIL"
40,151,2,ADROPI
40,151,3,CIFORO
40,151,9,PACHARA
40,151,10,UKUSIJONI
40,239,1,"PAKELE TOWN COUNCIL"
40,239,4,DZAIPI
40,239,5,OFUA
40,239,6,PAKELE
40,239,7,ARINYAPI
40,239,8,ITIRIKWA
41,31,1,BULESA
41,31,2,BUWUNGA
41,31,3,MUTERERE
41,31,4,NANKOMA
41,31,5,BUDHAYA
41,31,6,BULIDHA
41,31,7,"NANKOMA TOWN COUNCIL"
41,31,8,"BUSOWA TOWN COUNCIL"
41,31,9,"BUWUNI TOWN COUNCIL"
41,31,10,"MUTERERE TOWN COUNCIL"
41,32,1,"NABUKALU TOWN COUNCIL"
41,32,2,BULUGUYI
41,32,3,IWEMBA
41,32,4,KAPYANGA
41,32,5,NABUKALU
41,32,6,"NAMAYEMBA TOWN COUNCIL"
41,295,1,"EASTERN DIVISION"
41,295,2,"WESTERN DIVISION"
42,211,1,BULUMBI
42,211,2,"TIIRA TOWN COUNCIL"
42,211,3,BUSITEMA
42,211,4,BUTEBA
42,211,5,DABANI
42,211,6,BUYANGA
42,211,7,SIKUDA
42,211,8,"NAMUNGONDI TOWN COUNCIL"
42,212,1,BUHEHE
42,212,2,LUMINO
42,212,3,LUNYO
42,212,4,MASABA
42,212,5,MASAFU
42,212,6,BUSIME
42,212,7,MASINYA
42,212,8,MAJANJI
42,212,9,"LUMINO-MAJANJI TOWN COUNCIL"
42,212,10,"MASAFU TOWN COUNCIL"
42,226,1,"EASTERN DIVISION"
42,226,2,"WESTERN DIVISION"
43,206,1,AKOBOI
43,206,2,KATAKWI
43,206,3,"KATAKWI TOWN COUNCIL"
43,206,4,GETOM
43,206,5,NGARIAM
43,206,6,GUYAGUYA
43,206,7,USUK
43,206,8,OKORE
43,206,9,ONGONGOJA
43,206,10,PALAM
43,206,11,OKULONYO
43,206,12,"USUK TOWN COUNCIL"
43,224,1,KAPUJAN
43,224,2,AMUSIA
43,224,3,ANGODINGOD
43,224,4,MAGORO
43,224,5,"MAGORO TOWN COUNCIL"
43,224,6,TOROMA
43,224,7,"TOROMA TOWN COUNCIL"
43,224,8,OMODOI
44,106,1,KAKOOGE
44,106,2,KALUNGI
44,106,3,"KAKOOGE TOWN COUNCIL"
44,106,4,"MAYIRIKITI TOWN COUNCIL"
44,106,5,WABINYONYI
44,106,6,"NAKASONGOLA TOWN COUNCIL"
44,106,7,KALONGO
44,218,1,"MIGYERA TOWN COUNCIL"
44,218,3,LWAMPANGA
44,218,4,NABISWERA
44,218,5,"LWAMPANGA TOWN COUNCIL"
44,218,8,RWABYATA
44,218,9,NAKITOMA
45,119,1,LWEMIYAGA
45,119,2,BULONGO
45,119,3,KYEERA
45,119,4,NABITANGA
45,119,5,"NTUUSI TOWN COUNCIL"
45,120,2,LWEBITAKULI
45,120,3,MATEETE
45,120,6,"MATEETE TOWN COUNCIL"
45,120,8,KATWE
45,120,9,MITETE
45,120,10,NAKASENYI
45,273,1,LUGUSULU
45,273,2,KAWANDA
45,273,3,MABINDO
45,273,4,MIJWALA
45,273,5,"SSEMBABULE TOWN COUNCIL"
45,273,6,MITIMA
46,53,1,"KABUGA TOWN COUNCIL"
46,53,2,KAHUNGE
46,53,3,KAMWENGE
46,53,5,"KAMWENGE TOWN COUNCIL"
46,53,6,BUSIRIBA
46,53,7,KABAMBIRO
46,53,8,"BIGODI TOWN COUNCIL"
46,53,10,"KAHUNGE TOWN COUNCIL"
46,262,1,BWIZI
46,262,2,"NKOMA-KATALYEBA TOWN COUNCIL"
46,262,4,NKOMA
46,262,8,BIGULI
46,262,9,BIHANGA
47,171,1,BBAALE
47,171,2,GALIRAYA
47,171,3,KAYONZA
47,171,4,KITIMBWA
47,171,5,"KITIMBWA TOWN COUNCIL"
47,179,1,BUSAANA
47,179,2,KAYUNGA
47,179,3,"KAYUNGA TOWN COUNCIL"
47,179,4,"BUSAANA TOWN COUNCIL"
47,180,1,KANGULUMIRA
47,180,2,NAZIGO
47,180,3,"KANGULUMIRA TOWN COUNCIL"
47,180,4,"NAZIGO TOWN COUNCIL"
48,56,1,BUFUNJO
48,56,2,"MABIRA TOWN COUNCIL"
48,56,3,KITEGA
48,56,4,KIGOYERA
48,56,5,NYANKWANZI
48,56,6,BATALIKA
48,56,8,KYEMBOGO
48,56,9,"KYAMUTUNZI TOWN COUNCIL"
48,56,10,KANYEGARAMIRE
48,56,11,NYABIRONGO
48,57,1,BUTIITI
48,57,2,KIHUURA
48,57,3,NYANTUNGO
48,57,4,"KYENJOJO TOWN COUNCIL"
48,57,5,BUTUNDUZI
48,57,6,KIGARAALE
48,57,7,KISOJO
48,57,8,NYABUHARWA
48,57,9,"BUTUNDUZI TOWN COUNCIL"
48,57,10,"KISOJO TOWN COUNCIL"
48,57,11,"KYAKATWIRE TOWN COUNCIL"
48,274,1,NYAKISI
48,274,2,BUGAAKI
48,274,3,KATOOKE
48,274,4,KYARUSOZI
48,274,5,"RUGOMBE TOWN COUNCIL"
48,274,6,"KATOOKE TOWN COUNCIL"
48,274,7,"KYARUSOZI TOWN COUNCIL"
49,34,1,BUWAAYA
49,34,2,KIGANDALO
49,34,3,BUKABOOLI
49,34,4,MPUNGWE
49,35,1,KITYERERA
49,35,2,MALONGO
49,35,3,JAGUZI
49,35,4,BUSAKIRA
49,35,5,"BUGADDE TOWN COUNCIL"
49,35,6,"BWONDHA TOWN COUNCIL"
49,36,1,BAITAMBOGWE
49,36,2,IMANYIRO
49,36,3,"MAYUGE TOWN COUNCIL"
49,36,4,BUKATUBE
49,36,5,WAIRASA
49,36,6,"MAGAMAGA  TOWN COUNCIL"
50,90,1,TE-NAM
50,90,2,PUKOR
50,90,3,AWERE
50,90,4,PADER
50,90,5,LUNYIRI
50,90,7,PURANGA
50,90,8,"PADER TOWN COUNCIL"
50,90,12,OGOM
50,243,1,ACHOLI-BUR
50,243,2,ATANGA
50,243,3,POROGALI
50,243,4,PAIULA
50,243,5,PAJULE
50,243,6,LAGUTI
50,243,7,AJAN
50,243,8,BONGTIKO
50,243,9,LAPUL
50,243,10,ANGAGURA
50,243,11,LATANYA
50,243,12,"ATANGA TOWN COUNCIL"
50,243,13,"PAJULE TOWN COUNCIL"
51,128,1,BUHUGU
51,128,2,BUMASIFWA
51,128,3,BUSULANI
51,128,4,BUTANDIGA
51,128,5,ZESUI
51,128,6,BUGITIMWA
51,128,7,BUKYABO
51,128,8,MASABA
51,128,9,"BUDADIRI TOWN COUNCIL"
51,128,10,BUKIISE
51,128,11,BUKYAMBI
51,128,12,BUMALIMBA
51,128,13,BUSIITA
51,128,14,LEGENYA
51,128,15,BUMULISHA
51,128,16,ELGON
51,128,17,KIKOBERO
51,128,18,NAMAGULI
51,129,1,BUWALASI
51,129,2,BUYOBO
51,129,3,BUTEZA
51,129,4,BUKHULO
51,129,5,"SIRONKO TOWN COUNCIL"
51,129,6,BUKIYI
51,129,7,BUNYAFWA
51,129,8,BUWASA
51,129,9,NALUSALA
51,129,10,MAFUDU
51,129,11,LULENA
51,129,12,BUBBEZA
51,129,13,BUSAMAGA
51,129,14,DAHAMI
51,129,15,BUGAMBI
51,129,16,NAMUGABWE
52,154,1,"KYENGERA TOWN COUNCIL"
52,154,2,WAKISO
52,154,3,"WAKISO TOWN COUNCIL"
52,154,4,MENDE
52,155,1,KAKIRI
52,155,2,MASULIITA
52,155,3,NAMAYUMBA
52,155,4,"KAKIRI TOWN COUNCIL"
52,155,5,"NAMAYUMBA TOWN COUNCIL"
52,155,6,"MASULIITA TOWN COUNCIL"
52,156,1,"KASANJE TOWN COUNCIL"
52,156,2,"KATABI TOWN COUNCIL"
52,156,3,"KAJJANSI TOWN COUNCIL"
52,156,4,BUSSI
52,159,2,"KASANGATI TOWN COUNCIL"
52,160,1,"GOMBE DIVISION"
52,160,2,"BUSUKUMA DIVISION"
52,160,3,"NABWERU DIVISION"
52,160,4,"NANSANA DIVISION"
52,161,1,"MASAJJA DIVISION"
52,161,2,"BUNAMWAYA DIVISION"
52,161,3,"NDEJJE DIVISION"
52,164,1,"DIVISION A"
52,164,2,"DIVISION B"
52,284,1,"KIRA DIVISION"
52,284,2,"BWEYOGERERE DIVISION"
52,284,3,"NAMUGONGO DIVISION"
53,6,1,LORI
53,6,2,BIJO
53,6,3,KURU
53,6,4,ARIA
53,6,5,ROMOGI
53,6,7,"YUMBE TOWN COUNCIL"
53,6,8,APO
53,6,9,KULULU
53,6,13,KOCHI
53,6,14,"KURU TOWN COUNCIL"
53,241,1,"MIDIGO TOWN COUNCIL"
53,241,2,KEI
53,241,3,ARILO
53,241,4,WANDI
53,241,6,MIDIGO
53,241,12,KERWA
53,242,1,DRAJINI/ARAJIM
53,242,2,"LODONGA TOWN COUNCIL"
53,242,3,"ODRAVU WEST"
53,242,4,ODRAVU
53,242,5,ARAFA
53,242,10,LODONGA
53,242,11,ARIWA
54,200,1,ALWA
54,200,2,KABERAMAIDO
54,200,3,KOBULUBULU
54,200,4,OCHERO
54,200,5,"KABERAMAIDO TOWN COUNCIL"
54,200,6,APERIKIRA
54,200,7,"OCHERO TOWN COUNCIL"
54,200,8,OKILE
54,200,9,ORIAMO
55,195,1,KAMBUGA
55,195,2,KIRIMA
55,195,3,RUGYEYO
55,195,4,RUTENGA
55,195,5,"KANUNGU TOWN COUNCIL"
55,195,6,KATETE
55,195,7,KINAABA
55,195,8,"KAMBUGA TOWN COUNCIL"
55,196,1,KANYANTOROGO
55,196,2,KAYONZA
55,196,3,KIHIIHI
55,196,4,NYAMIRAMA
55,196,5,MPUNGU
55,196,6,"KIHIIHI TOWN COUNCIL"
55,196,7,NYAKINONI
55,196,8,NYANGA
55,196,9,"BUTOGOTA TOWN COUNCIL"
55,196,10,KYESHERO
56,146,1,KAKOMONGOLE
56,146,2,MORUITA
56,146,3,"NAKAPIRIPIRIT TOWN COUNCIL"
56,146,4,NAMALU
56,146,5,LOREGAE
56,146,6,KAAWACH
56,146,7,LORENG
56,146,8,LEMUSUI
57,102,1,NAMASALE
57,102,2,MUNTU
57,102,3,APUTI
57,102,4,AWELLO
57,102,5,"AMOLATAR TOWN COUNCIL"
57,102,6,AGIKDAK
57,102,7,AGWINGIRI
57,102,8,AKWON
57,102,9,ARWOTCEK
57,102,10,ETAM
57,102,11,"NAMASALE TOWN COUNCIL"
57,102,12,"ETAM TOWN COUNCIL"
57,102,13,ABEJA
57,102,14,ACII
57,102,15,NALUBWOYO
57,102,16,OPALI
58,199,1,ABARILELA
58,199,2,ASAMUK
58,199,3,KUJU
58,199,4,ABIA
58,199,5,WERA
58,199,6,AMOLO
58,199,7,"AMURIA TOWN COUNCIL"
58,199,9,APEDURU
58,199,11,WILLA
58,276,1,OGONGORA
58,276,2,OLWA
58,276,4,ORUNGO
58,276,6,MORUNGATUNY
58,276,8,AKERIAU
58,276,10,OGOLAI
59,74,1,BUKWA
59,74,2,CHESOWER
59,74,3,KABEI
59,74,4,SUAM
59,74,5,"BUKWO TOWN COUNCIL"
59,74,6,CHEPKWASTA
59,74,7,KAMET
59,74,8,KAPTERERWO
59,74,9,KORTEK
59,74,10,RIWO
59,74,11,SENENDET
59,74,12,TULEL
59,74,13,KAPSARUR
59,74,14,AMANANG
59,74,15,MUTUSHET
59,74,16,LWONGON
59,74,17,BRIM
59,74,18,KAPKOROS
60,208,1,"NABIGANDA TOWN COUNCIL"
60,208,4,BUTALEJA
60,208,5,KACHONGA
60,208,6,MAZIMASA
60,208,8,"BUTALEJA TOWN COUNCIL"
60,208,10,"BUFUJJA-KACHONGA TOWN COUNCIL"
60,208,11,HIMUTU
60,208,12,NAWEYO
60,236,1,BUDUMBA
60,236,2,BUSABA
60,236,3,BUSOLWE
60,236,4,"BUSABA TOWN COUNCIL"
60,236,7,NAWANJOFU
60,236,9,"BUSOLWE TOWN COUNCIL"
60,236,10,BUSABI
61,136,2,ISHONGORORO
61,136,3,NYAMAREBE
61,136,4,"ISHONGORORO TOWN COUNCIL"
61,136,6,KIJONGO
61,136,7,"RUSHANGO TOWN COUNCIL"
61,136,8,"RWENKOBWA TOWN COUNCIL"
61,137,2,KICUZI
61,137,3,KIKYENKYE
61,137,4,NYABUHIKYE
61,137,5,RUKIRI
61,137,6,KEIHANGARA
61,137,8,"IGORORA TOWN COUNCIL"
61,293,1,"BISHESHE DIVISION"
61,293,2,"BUFUNDA DIVISION"
61,293,3,"KAGONGO DIVISION"
62,135,1,ENDINZI
62,135,2,KASHUMBA
62,135,3,NGARAMA
62,135,4,RUGAAGA
62,135,5,MBAARE
62,135,6,RUSHASHA
62,135,7,KAKAMBA
62,135,8,"ENDIINZI TOWN COUNCIL"
62,135,9,"BUGANGO TOWN COUNCIL"
62,135,10,RWANJOGYERA
62,138,1,BIRERE
62,138,2,KABINGO
62,138,3,MASHA
62,138,4,"ISINGIRO TOWN COUNCIL"
62,138,5,NYAMUYANJA
62,138,6,"KABEREBERE TOWN COUNCIL"
62,138,7,KAGARAMA
62,138,8,RWETANGO
62,139,1,KABUYANDA
62,139,2,KIKAGATE
62,139,3,NYAKITUNDA
62,139,4,RUBOROGOTA
62,139,5,"KABUYANDA TOWN COUNCIL"
62,139,6,"RUHIIRA TOWN COUNCIL"
62,139,7,"KAMUBEIZI TOWN COUNCIL"
62,139,8,"KIKAGATE TOWN COUNCIL"
62,139,9,NTUNGU
62,139,10,KAMUBEIZI
62,139,11,RUYANGA
63,93,1,"KAABONG EAST"
63,93,2,"KAABONG TOWN COUNCIL"
63,93,3,KALAPATA
63,93,4,KAKAMAR
63,93,5,KATHILE
63,93,6,LOLELIA
63,93,7,LOYORO
63,93,8,"KATHILE SOUTH"
63,93,9,"SIDOK (KOPOTH)"
63,93,10,"KAABONG WEST"
63,93,11,LOBONGIA
63,93,12,LOTIM
63,93,14,LODIKO
63,93,15,"LOLELIA SOUTH"
63,255,9,MORUNGOLE
63,255,10,TIMU
63,255,11,KAMION
64,72,1,BUMANYA
64,72,2,GADUMIRE
64,72,3,NAMUGONGO
64,72,4,NAMWIWA
64,72,5,"BULUMBA TOWN COUNCIL"
64,72,6,"KALIRO TOWN COUNCIL"
64,72,7,BUYINDA
64,72,8,KASOKWE
64,72,9,KISINDA
64,72,10,"NAMWIWA TOWN COUNCIL"
64,72,12,BUDOMERO
64,247,1,BUKAMBA
64,247,2,NANSOLOLO
64,247,3,"NAWAIKOKE TOWN COUNCIL"
64,247,5,NAWAIKOKE
65,142,1,KANYARYERU
65,142,3,KENSHUNGA
65,142,4,KIKATSI
65,142,5,KINONI
65,142,6,NYAKASHASHARA
65,142,7,SANGA
65,142,8,"KIRUHURA TOWN COUNCIL"
65,142,9,RWENSHANDE
65,142,10,"SANGA TOWN COUNCIL"
65,142,11,"RUSHERE TOWN COUNCIL"
65,142,12,AKAYANJA
65,142,13,RWETAMU
65,260,2,KASHONGI
65,260,9,KITURA
66,8,2,LOBULE
66,8,4,MIDIA
66,8,5,KULUBA
66,8,7,DRANYA
66,266,3,LUDARA
66,266,6,ABUKU
66,287,1,"NORTH DIVISION"
66,287,2,"SOUTH DIVISION"
66,287,3,"WESTERN DIVISION"
67,126,1,BUGOBERO
67,126,2,BUTIRU
67,126,3,BUWAGOGO
67,126,4,KAATO
67,126,5,SIBANGA
67,126,6,"MANAFWA TOWN COUNCIL"
67,126,7,BUKUSU
67,126,8,BUNABWANA
67,126,9,BUSUKUYA
67,126,10,BUTTA
67,126,11,KHABUTOOLA
67,126,12,SISUNI
67,126,13,NALONDO
67,126,14,WESWA
67,126,15,BUKHOFU
67,126,16,MAEFE
67,126,17,BUNABUTSALE
67,126,18,MAKENYA
67,126,19,BUKHADALA
67,126,20,"BUYINZA TOWN COUNCIL"
67,126,21,"BUWANGANI TOWN COUNCIL"
67,126,22,"BUTIRU  TOWN COUNCIL"
67,126,23,LWANJUSI
67,126,24,NANGALWE
67,126,25,BUTOOTO
67,126,26,BUKEWA
67,126,27,BUKOMA
67,126,28,MAYANZA
67,126,29,KIMALULI
68,165,1,BUTAYUNJA
68,165,2,KAKINDU
68,165,3,MAANYI
68,165,4,MALANGALA
68,165,5,BBANDA
68,165,6,"BBANDA TOWN COUNCIL"
68,165,7,"ZIGOTI TOWN COUNCIL"
68,169,1,BULERA
68,169,2,KIKANDWA
68,169,3,KALANGAALO
68,170,3,SSEKANYONYI
68,170,4,NAMUNGO
68,170,5,"SSEKANYONYI TOWN COUNCIL"
68,170,10,"BUSUNJU TOWN COUNCIL"
68,289,1,"BUSIMBI DIVISION"
68,289,2,"CENTRAL DIVISION"
68,289,3,"TTAMU DIVISION"
69,109,1,KAASANGOMBE
69,109,2,KAPEEKA
69,109,4,NAKASEKE
69,109,6,SEMUTO
69,109,10,"NAKASEKE TOWN COUNCIL"
69,109,11,"SEMUTO TOWN COUNCIL"
69,223,3,KIKAMULO
69,223,5,NGOMA
69,223,7,WAKYATO
69,223,8,KINYOGOGA
69,223,9,"NAKASEKE BUTALANGU TOWN COUNCI"
69,223,12,"KIWOKO TOWN COUNCIL"
69,223,13,"NGOMA TOWN COUNCIL"
69,223,14,KINONI
69,223,15,KITTO
70,95,1,ABIM
70,95,2,ALEREK
70,95,3,LOTUKEI
70,95,4,MORULEM
70,95,5,NYAKWAE
70,95,6,"ABIM TOWN COUNCIL"
70,95,7,AWACH
70,95,8,MAGAMAGA
70,95,9,"KIRU TOWN COUNCIL"
70,95,10,CAMKOK
70,95,11,OPOPONGO
70,95,12,ATUNGA
71,24,1,AMURU
71,24,2,LAKANG
71,24,3,LAMOGI
71,24,4,LAYIMA
71,24,5,"AMURU TOWN COUNCIL"
71,24,6,"GURU GURU"
71,265,1,"ELEGU TOWN COUNCIL"
71,265,2,ATIAK
71,265,3,"ATIAK TOWN COUNCIL"
71,265,4,PABBO
71,265,5,"PABBO TOWN COUNCIL"
71,265,6,OPARA
71,265,7,POGO
72,187,1,BUDAKA
72,187,2,KABUNA
72,187,3,KADERUNA
72,187,4,TADEMERI
72,187,5,LYAMA
72,187,6,"NABOA TOWN COUNCIL"
72,187,7,"KACHOMO TOWN COUNCIL"
72,187,8,"BUDAKA TOWN COUNCIL"
72,187,9,KACHOMO
72,187,10,KAKULE
72,187,13,NANSANGA
72,238,1,KADIMUKOLI
72,238,2,IKI-IKI
72,238,3,KAKOLI
72,238,4,KAMONKOLI
72,238,5,"KAMONKOLI TOWN COUNCIL"
72,238,6,"IKI-IKI TOWN COUNCIL"
72,238,7,KAMERUKA
72,238,11,KATIRA
72,238,12,MUGITI
73,123,1,BIISO
73,123,2,BULIISA
73,123,3,"BULIISA TOWN COUNCIL"
73,123,4,BUTIABA
73,123,5,KIGWERA
73,123,6,KIHUNGYA
73,123,7,NGWEDO
73,123,8,"BIISO TOWN COUNCIL"
73,123,9,"BUTIABA TOWN COUNCIL"
74,99,1,AGWATTA
74,99,2,BATTA
74,99,3,DOKOLO
74,99,8,ADOK
74,99,9,AMWOMA
74,99,10,OKWALONGWEN
74,99,12,"AGWATA TOWN COUNCIL"
74,99,13,"BATA TOWN COUNCIL"
74,252,1,"KANGAI TOWN COUNCIL"
74,252,4,KANGAI
74,252,5,KWERA
74,252,6,"DOKOLO TOWN COUNCIL"
74,252,7,ADEKNINO
74,252,11,OKWONGODUL
75,37,1,BULANGE
75,37,3,KIWANYI
75,37,4,MAGADA
75,37,5,NAMUTUMBA
75,37,6,NSINZE
75,37,7,"NAMUTUMBA TOWN COUNCIL"
75,37,8,KAGULU
75,37,9,KIZUBA
75,37,10,NAWAIKONA
75,37,11,"BUGOBI TOWN COUNCIL"
75,37,12,MAZUBA
75,37,13,BUGOBI
75,245,1,NABWEYO
75,245,2,IVUKULA
75,245,3,KIBAALE
75,245,4,NANGONDE
75,245,5,"KIBALE TOWN COUNCIL"
76,4,1,ACHABA
76,4,2,ICHEME
76,4,3,NGAI
76,4,4,OTWAL
76,4,5,"OYAM TOWN COUNCIL"
76,4,6,ALEKA
76,4,7,ABOK
76,4,8,"ICHEME TOWN COUNCIL"
76,5,1,ABER
76,5,2,LORO
76,5,3,MINAKULU
76,5,4,KAMDINI
76,5,5,MYENE
76,5,6,"KAMDINI TOWN COUNCIL"
76,5,7,"LORO TOWN COUNCIL"
76,5,8,"MINAKULU TOWN COUNCIL"
77,10,1,KIJOMORO
77,10,2,OBIBA
77,10,3,AWIZIRU
77,10,4,OLUVU
77,10,5,"OVUJO TOWN COUNCIL"
77,10,6,OLUFE
77,10,7,"OKOKORO TOWN COUNCIL"
77,272,1,AJIRA
77,272,2,NYADRI
77,272,3,OLEBA
77,272,4,PARANGA
77,272,5,YIVU
77,272,6,ALIKUA
77,272,7,TARA
77,272,8,"MARACHA TOWN COUNCIL"
77,272,9,"NYADRI SOUTH"
77,272,10,DRAMBU
78,133,1,"KIKHOLO TOWN COUNCIL"
78,133,2,BUDUDA
78,133,3,BUKIBOKOLO
78,133,4,BUKIGAI
78,133,5,BUNABUTITI
78,133,6,BUNATSAMI
78,133,7,BUSHIKA
78,133,8,"BUDUDA TOWN COUNCIL"
78,133,9,BUKIBINO
78,133,10,BUMASHETI
78,133,11,BUSHIRIBO
78,133,14,NABWEYA
78,133,15,NAKATSI
78,133,17,"BUKIGAI TOWN COUNCIL"
78,133,18,"NANGAKO TOWN COUNCIL"
78,270,1,BUBIITA
78,270,2,"KUUSHU TOWN COUNCIL"
78,270,3,BUFUMA
78,270,4,MABONO
78,270,5,BULUCHEKE
78,270,6,BUMAYOKA
78,270,7,BUMWALUKANI
78,270,8,BUSIRIWA
78,270,9,BUKALASI
78,270,10,BUNDESI
78,270,12,BUSHIYI
78,270,13,BUWALI
78,270,16,NALWANZA
79,96,1,BUKEDEA
79,96,3,KIDONGOLE
79,96,4,KOLIR
79,96,5,MALERA
79,96,6,"BUKEDEA TOWN COUNCIL"
79,96,7,AMINIT
79,96,8,KABARWA
79,96,9,KAMUTUR
79,96,10,KANGOLE
79,96,11,KOCHEKA
79,96,12,KOENA
79,257,1,ALIGOI
79,257,2,KACHUMBALA
79,257,3,KOMUGE
79,257,4,KWARIKWAR
79,257,5,"KONGUNGA TOWN COUNCIL"
80,191,1,KALIIRO
80,191,2,KASAGAMA
80,191,3,KINUUKA
80,191,4,LYANTONDE
80,191,5,"LYANTONDE TOWN COUNCIL"
80,191,6,MPUMUDDE
80,191,7,LYAKAJURA
80,191,8,"KALIIRO TOWN COUNCIL"
81,149,1,AMUDAT
81,149,2,KARITA
81,149,3,LOROO
81,149,4,"AMUDAT TOWN COUNCIL"
81,149,5,ABILIYEP
81,149,6,ACHORICHOR
81,149,7,KATABOK
81,149,8,KONGOROK
81,149,9,LOKALES
81,149,10,LOSIDOK
82,172,1,"NJERU DIVISION"
82,172,2,"NYENGA DIVISION"
82,172,3,"WAKISI DIVISION"
82,173,1,"KAWOLO DIVISION"
82,173,2,"CENTRAL DIVISION"
82,173,3,"NAJJEMBE DIVISION"
82,174,1,BUIKWE
82,174,2,NAJJA
82,174,3,NGOGWE
82,174,4,"NKOKONJERU TOWN COUNCIL"
82,174,5,SSI
82,174,6,"BUIKWE TOWN COUNCIL"
82,174,7,"KIYINDI TOWN COUNCIL"
83,69,1,"BUKUNGU TOWN COUNCIL"
83,69,2,BUYENDE
83,69,3,"KIDERA TOWN COUNCIL"
83,69,4,KIDERA
83,69,5,NKONDO
83,69,6,"BUYENDE TOWN COUNCIL"
83,69,7,NDOLWA
83,69,8,BUYANJA
83,217,1,BUGAYA
83,217,2,"IRUNDU TOWN COUNCIL"
83,217,3,KAGULU
83,217,4,GUMPI
83,217,5,IRUNDU
83,217,6,NGANDHO
84,55,1,HAPUUYO
84,55,2,KAKABARA
84,55,3,KASULE
84,55,4,"KAKABARA TOWN COUNCIL"
84,55,7,NKAAKWA
84,55,8,"KYEGEGWA TOWN COUNCIL"
84,55,9,KIGAMBO
84,55,10,MIGONGWE
84,55,11,"HAPUUYO TOWN COUNCIL"
84,55,12,KYATEGA
84,268,1,"MPARA TOWN COUNCIL"
84,268,2,"KAZINGA TOWN COUNCIL"
84,268,3,MIGAMBA
84,268,4,KYEGEGWA
84,268,5,MPARA
84,268,6,RUYONZA
84,268,7,RWENTUHA
84,268,8,NKANJA
85,92,1,AGORO
85,92,2,LOKUNG
85,92,3,MADI-OPEI
85,92,4,"PADIBE EAST"
85,92,5,PALABEK-GEM
85,92,6,PALABEK-KAL
85,92,7,PALOGA
85,92,8,"PADIBE WEST"
85,92,9,OGILI
85,92,10,"LAMWO TOWN COUNCIL"
85,92,11,"PADIBE TOWN COUNCIL"
85,92,12,POTIKA
85,92,13,"PALABEK ABERA"
85,92,14,"PALABEK NYIMUR"
85,92,15,ACEBA
85,92,16,KATUM
85,92,17,"LOKUNG EAST"
86,104,1,ADWARI
86,104,2,OKWANG
86,104,3,OLILIM
86,104,4,ORUM
86,104,5,OGOR
86,104,6,"OTUKE TOWN COUNCIL"
86,104,7,"ADWARI TOWN COUNCIL"
86,104,8,OGWETTE
86,104,9,BARJOBI
86,104,10,ALANGO
87,182,2,JANGOKORO
87,182,4,NYAPEA
87,182,5,"PAIDHA TOWN COUNCIL"
87,182,7,PAIDHA
87,182,8,ABANGA
87,182,10,"ZOMBO TOWN COUNCIL"
87,182,12,ATHUMA
87,275,1,ATYAK
87,275,2,ALANGI
87,275,3,KANGO
87,275,4,AKAA
87,275,6,ZEU
87,275,9,WARR
88,103,1,APALA
88,103,2,"ALEBTONG TOWN COUNCIL"
88,103,3,ALOI
88,103,4,"APALA TOWN COUNCIL"
88,103,6,ABIA
88,103,7,AKURA
88,103,8,"ALOI TOWN COUNCIL"
88,216,1,"AMUGU TOWN COUNCIL"
88,216,2,AMUGU
88,216,3,ADWIR
88,216,4,ABAKO
88,216,5,OMORO
88,216,6,ANGETTA
88,216,8,AWEI
89,130,1,BUMUFUNI
89,130,2,BUKHALU
89,130,3,BUNALWERE
89,130,4,BUWANYANGA
89,130,6,BUNAMBUTYE
89,130,8,MUYEMBE
89,130,11,BWIKHONGE
89,130,13,NABBONGO
89,130,17,"BULAMBULI TOWN COUNCIL"
89,130,20,"BUYAGA TOWN COUNCIL"
89,253,1,BUGINYANYA
89,253,2,BUFUMBO
89,253,3,BULAGO
89,253,4,BULEGENI
89,253,5,BULUGANYA
89,253,6,NABIWUTULU
89,253,7,MASIRA
89,253,8,SOTTI
89,253,9,SISIYI
89,253,10,BUMASOBO
89,253,12,LUSHA
89,253,14,NAMISUNI
89,253,15,SIMU
89,253,16,"BULEGENI TOWN COUNCIL"
89,253,18,BUMUGIBOLE
89,253,19,KAMU
90,175,1,BUGAYA
90,175,2,BUSAMUZI
90,175,3,BWEEMA
90,175,4,NAIRAMBI
90,175,5,"BUVUMA TOWN COUNCIL"
90,175,6,BUWOOYA
90,175,7,"LUBYA  TOWN COUNCIL"
90,175,8,LWAJE
90,175,9,"LYABAANA  TOWN COUNCIL"
91,158,1,TTABA-BBINZI
91,158,2,KYEGONZA
91,158,4,MPENJA
91,158,5,"KANONI TOWN COUNCIL"
91,254,1,KABULASOKE
91,254,2,KIFAMPA
91,254,3,MADDU
91,254,4,KYAYI
91,254,5,"MADDU TOWN COUNCIL"
92,125,1,KIGUMBA
92,125,2,MBOIRA
92,125,3,"MASINDI PORT"
92,125,5,"KIGUMBA TOWN COUNCIL"
92,263,1,"KARUMA TOWN COUNCIL"
92,263,2,KIRYANDONGO
92,263,3,DIIMA
92,263,4,MUTUNDA
92,263,5,KICHWABUGINGO
92,263,6,"BWEYALE TOWN COUNCIL"
92,263,7,"KIRYANDONGO TOWN COUNCIL"
92,263,8,KYANKENDE
92,263,9,NYAMAHASA
93,85,1,"MASODDE-KALAGI TOWN COUNCIL"
93,85,2,GAYAZA
93,85,3,"WATTUBA TOWN COUNCIL"
93,85,4,MULAGI
93,85,5,KIRYANNONGO
93,85,6,NTWETWE
93,85,7,WATTUBA
93,85,8,"NTWETWE TOWN COUNCIL"
93,85,9,KISALA
93,85,10,MUWANGI
93,85,11,NKANDWA
93,248,1,BUTEMBA
93,248,2,BYERIMA
93,248,3,KYANKWANZI
93,248,4,"KYANKWANZI TOWN COUNCIL"
93,248,5,NSAMBYA
93,248,6,BANDA
93,248,7,KIGANDO
93,248,9,"BUTEMBA TOWN COUNCIL"
93,248,10,BANANYWA
94,40,2,BUKOOMA
94,40,3,BULONGO
94,40,4,IKUMBYA
94,40,8,"LUUKA TOWN COUNCIL"
94,271,1,BUKANGA
94,271,5,IRONGO
94,271,6,NAWAMPITI
94,271,7,WAIBUGA
95,33,1,BANDA
95,33,2,BUSWALE
95,33,3,BUYINJA
95,33,4,"BANDA TOWN COUNCIL"
95,33,5,MUTUMBA
95,33,6,BUHEMBA
95,33,7,"NAMAYINGO TOWN COUNCIL"
95,33,8,"MUTUMBA TOWN COUNCIL"
95,235,1,BUKANA
95,235,2,LOLWE
95,235,4,"SIGULU ISLANDS"
96,15,1,KANARA
96,15,2,KARUGUTU
96,15,3,RWEBISENGO
96,15,4,BUTUNGAMA
96,15,5,BWERAMULE
96,15,6,"KIBUUKU TOWN COUNCIL"
96,15,7,NOMBE
96,15,8,"KANARA TOWN COUNCIL"
96,15,9,"KARUGUTU TOWN COUNCIL"
96,15,10,"RWEBISENGO TOWN COUNCIL"
97,203,1,BUGONDO
97,203,2,KADUNGULU
97,203,3,PINGIRE
97,203,4,LABOR
97,203,5,"KASILO TOWN COUNCIL"
97,203,6,"KADUNGULU TOWN COUNCIL"
97,203,7,"KIDETOK TOWN COUNCIL"
97,204,1,ATIIRA
97,204,2,KATETA
97,204,3,KYERE
97,204,4,SERERE/OLIO
97,204,5,"SERERE TOWN COUNCIL"
98,111,1,BIGASA
98,111,2,BUKANGO
98,111,4,KITANDA
98,111,5,"BUKOMANSIMBI TOWN COUNCIL"
98,244,2,BUTENGA
98,244,3,KIBINGE
99,157,1,BUDDE
99,157,2,BULO
99,157,3,KALAMBA
99,157,4,"KIBIBI  TOWN COUNCIL"
99,157,5,NGANDO
99,157,6,"GOMBE TOWN COUNCIL"
100,117,1,BUKULULA
100,117,2,LWABENGE
100,117,3,"LUKAYA TOWN COUNCIL"
100,118,1,KALUNGU
100,118,2,KYAMULIBWA
100,118,3,"KALUNGU TOWN COUNCIL"
100,118,4,"KYAMULIBWA TOWN COUNCIL"
101,21,2,KIGARAMA
101,21,3,KYANGYENYI
101,21,5,MASHERUKA
101,21,7,"MASHERUKA TOWN COUNCIL"
101,21,8,"KAKINDO TOWN COUNCIL"
101,22,2,KITAGATA
101,22,3,"SHUUKU TOWN COUNCIL"
101,22,4,KASAANA
101,22,5,"BUGONGI TOWN COUNCIL"
101,22,6,RUGARAMA
101,22,7,"KITAGATA TOWN COUNCIL"
101,294,1,"KABWOHE DIVISION"
101,294,2,"KAGANGO DIVISION"
101,294,3,"KASHOZI DIVISION"
101,294,4,"SHEEMA CENTRAL DIVISION"
102,189,1,"KASASIRA TOWN COUNCIL"
102,189,2,BUSETA
102,189,4,KIBUKU
102,189,7,TIRINYI
102,189,9,KASASIRA
102,189,10,"KIBUKU TOWN COUNCIL"
102,189,11,"TIRINYI TOWN COUNCIL"
102,189,12,KITUTI
102,189,13,LWATAMA
102,189,14,NANKODO
102,256,1,BULANGIRA
102,256,2,KAKUTU
102,256,3,KADAMA
102,256,4,NANDERE
102,256,5,KAGUMU
102,256,6,KIRIKA
102,256,7,GOLI-GOLI
102,256,8,KABWERI
102,256,9,NABISWA
102,256,10,"KADAMA TOWN COUNCIL"
102,256,11,"BULANGIRA TOWN COUNCIL"
102,256,12,KENKEBU
103,1,1,"AKALO TOWN COUNCIL"
103,1,2,AKALO
103,1,4,AYER
103,1,5,BALA
103,1,6,"KOLE TOWN COUNCIL"
103,1,8,"BALA TOWN COUNCIL"
103,267,1,ABOKE
103,267,2,OKWERODOT
103,267,3,ALITO
103,267,4,"ABOKE TOWN COUNCIL"
103,267,5,"ALITO TOWN COUNCIL"
104,75,1,BENET
104,75,2,BINYINY
104,75,3,KAPRORON
104,75,4,NGENGE
104,75,5,KWANYIY
104,75,6,KWOSIR
104,75,7,"GREEK RIVER"
104,75,8,KAPTUM
104,75,9,KITAWOI
104,75,10,MOYOK
104,75,11,"BINYINY TOWN COUNCIL"
104,75,12,KAPTOYOY
104,75,13,"KAPRORON TOWN COUNCIL"
104,75,14,"CHEPSUKUNYA TOWN COUNCIL"
104,75,15,KAPKWATA
104,75,16,KASEKO
104,75,17,SUNDET
104,75,18,TUIKAT
105,112,1,LWENGO
105,112,2,NDAGWE
105,112,3,"LWENGO TOWN COUNCIL"
105,113,1,KYAZANGA
105,113,2,MALONGO
105,113,3,"KYAZANGA TOWN COUNCIL"
105,113,4,"KATOVU TOWN COUNCIL"
105,115,1,KINGO
105,115,2,KISEKKA
105,115,3,"KINONI TOWN COUNCIL"
106,20,1,NYAKIZINGA
106,20,2,KABIRA
106,20,4,KASHENSHERO
106,20,6,MITOOMA
106,20,7,MUTARA
106,20,8,KATENGA
106,20,9,MAYANGA
106,20,10,RUREHE
106,20,11,"KASHENSHERO TOWN COUNCIL"
106,20,12,"MITOOMA TOWN COUNCIL"
106,277,1,BITEREKO
106,277,3,KANYABWANGA
106,277,4,"RUTOOKYE TOWN COUNCIL"
106,277,5,KIYANGA
107,145,1,IRIIRI
107,145,2,LOKOPO
107,145,3,LOPEI
107,145,4,LOTOME
107,145,5,MATANY
107,145,6,NGOLERIET
107,145,7,LORENGECORA
107,145,8,"NAPAK TOWN COUNCIL"
107,145,9,APEITOLIM
107,145,10,NABWAL
107,145,11,PORON
107,145,12,"KANGOLE TOWN COUNCIL"
107,145,13,"LOKITEDED TOWN COUNCIL"
107,145,14,"MATANY TOWN COUNCIL"
108,98,1,KAPIR
108,98,2,KOBWIN
108,98,3,MUKURA
108,98,4,NGORA
108,98,5,"NGORA TOWN COUNCIL"
108,98,6,"MUKURA TOWN COUNCIL"
108,98,7,"OPOT TOWN COUNCIL"
108,98,8,AGIRIGIROI
108,98,9,ATOOT
108,98,10,MORUKAKISE
108,98,11,ODWARAT
109,16,1,BIHANGA
109,16,2,BURERE
109,16,3,KARUNGU
109,16,4,RWENGWE
109,16,5,BITSYA
109,16,6,ENGAJU
109,16,7,NYAKISHANA
109,16,8,"NSIIKA TOWN COUNCIL"
109,16,9,"KASHENYI-KAJANI TOWN COUNCIL"
109,16,10,"NYAKAZIBA TOWN COUNCIL"
109,16,11,"NYAKASHAKA TOWN COUNCIL"
109,16,12,KYAHENDA
109,16,13,BUHUNGA
109,16,14,RUBENGYE
110,25,1,ALERO
110,25,2,"ANAKA (PAYIRA)"
110,25,3,KOCH-GOMA
110,25,4,PURONGO
110,25,5,"NWOYA TOWN COUNCIL"
110,25,6,"GOT APWOYO"
110,25,7,LII
110,25,8,LUNGULU
110,25,9,PAMINYAI
110,25,10,"PURONGO TOWN COUNCIL"
110,25,11,"KOCH GOMA TOWN COUNCIL"
111,89,1,ADILANG
111,89,2,"ADILANG TOWN COUNCIL"
111,89,3,LIRA-PALWO
111,89,4,LOKOLE
111,89,5,OMOT
111,89,6,AGENGO
111,89,7,AJALI
111,89,8,PATONGO
111,89,9,GEREGERE
111,89,10,LAPEREBONG
111,89,11,ARUM
111,89,12,KOTOMOR
111,89,13,LAMIYO
111,89,15,"PATONGO TOWN COUNCIL"
111,89,16,"AGAGO TOWN COUNCIL"
111,89,17,"LIRA-PALWO TOWN COUNCIL"
111,240,1,"WOL TOWN COUNCIL"
111,240,2,LAPONO
111,240,3,"LAI-MUTTO TOWN COUNCIL"
111,240,4,KUYWEE
111,240,5,"LIRA KATO"
111,240,6,PAIMOL
111,240,7,PARABONGO
111,240,9,WOL
111,240,10,"KALONGO TOWN COUNCIL"
111,240,14,"OMIYA PACWA"
112,17,1,"RUBIRIZI TOWN COUNCIL"
112,17,2,KATUNGURU
112,17,3,KICHWAMBA
112,17,4,RYERU
112,17,5,MAGAMBO
112,17,8,RUTOTO
112,222,1,KATERERA
112,222,6,KATANDA
112,222,7,KYABAKARA
112,222,9,"KATERERA TOWN COUNCIL"
112,222,10,KIRUGU
113,82,1,NYABUTANZI
113,82,2,KAGADI
113,82,3,KIRYANGA
113,82,4,KYANAISOKE
113,82,5,MABAALE
113,82,6,ISUNGA
113,82,7,KAMUROZA
113,82,8,KINYARUGONJO
113,82,9,"KAGADI TOWN COUNCIL"
113,82,10,KICUCURA
113,82,11,KABAMBA
113,82,13,KYENZIGE
113,82,14,"KYENZIGE TOWN COUNCIL"
113,82,15,PACHWA
113,220,1,BWIKARA
113,220,2,KYAKABADIIMA
113,220,3,"MUHORRO TOWN COUNCIL"
113,220,4,GALIBOLEKA
113,220,5,MAIRIRWE
113,220,6,MPEEFU
113,220,7,MUHORRO
113,220,8,RUGASHARI
113,220,9,NYAKARONGO
113,220,10,BURORA
113,220,11,"MPEEFU YA SANDE TOWN COUNCIL"
113,220,12,KYATEREKERA
113,220,13,"KYATEREKERA TOWN COUNCIL"
113,220,14,NDAIGA
113,220,15,KANYABEEBE
113,220,16,RUTEETE
113,220,17,BUHUMULIRO
114,81,1,BWANSWA
114,81,2,KAKINDO
114,81,3,KASAMBYA
114,81,4,"KAKUMIRO TOWN COUNCIL"
114,81,5,NALWEYO
114,81,6,"IGAYAZA TOWN COUNCIL"
114,81,7,BIREMBO
114,81,8,KITAIHUKA
114,81,9,KIKWAYA
114,81,10,KIJANGI
114,81,11,KISENGWE
114,81,12,KYABASAIJA
114,81,13,"KAKINDO TOWN COUNCIL"
114,81,14,KIKOORA
114,219,1,KATIKARA
114,219,2,"KISIITA TOWN COUNCIL"
114,219,3,KIBIJJO
114,219,4,KISIITA
114,219,5,MWITANZIGE
114,219,6,NKOOKO
114,219,8,MPASAANA
115,26,1,"ACET TOWN COUNCIL"
115,26,2,AKIDI
115,26,3,LAKWANA
115,26,4,LALOGI
115,26,5,ODEK
115,26,6,LAKWAYA
115,26,7,"OMORO TOWN COUNCIL"
115,26,8,ORAPWOYO
115,280,1,BOBI
115,280,2,KORO
115,280,3,"PALENGA TOWN COUNCIL"
115,280,4,LABORA
115,280,5,ABUGA
115,280,6,ONGAKO
115,280,7,AREMO
116,47,1,BUBARE
116,47,2,HAMURWA
116,47,3,"HAMURWA TOWN COUNCIL"
116,47,4,NYAMWEERU
116,48,1,BUFUNDI
116,48,2,IKUMBA
116,48,3,MUKO
116,48,4,RUHIJA
116,48,5,"RUBANDA TOWN COUNCIL"
117,51,1,BUHEESI
117,51,2,KIBIITO
117,51,3,KISOMORO
117,51,4,RWIMI
117,51,5,KATEEBWA
117,51,6,"KIBIITO TOWN COUNCIL"
117,51,7,"RWIMI TOWN COUNCIL"
117,51,8,KABONERO
117,51,9,"RUBONA TOWN COUNCIL"
117,51,10,KIYOMBYA
117,51,11,"KYAMUKUBE TOWN COUNCIL"
117,51,12,"BUHEESI TOWN COUNCIL"
118,188,1,BUTEBO
118,188,2,KABWANGASI
118,188,3,KAKORO
118,188,4,"KABWANGASI TOWN COUNCIL"
118,188,5,PETETE
118,188,6,KANGINIMA
118,188,7,"KAKORO TOWN COUNCIL"
118,188,8,MAIZIMASA
118,188,9,KACHURU
118,188,10,PUTTI
118,188,11,KADOKOLENE
118,188,12,KANYUM
118,188,13,KABELAI
118,188,14,KAPUNYASI
119,192,1,KAKUUTO
119,192,2,KASASA
119,192,3,"KASENSERO TOWN COUNCIL"
119,192,4,"MUTUKULA TOWN COUNCIL"
119,192,5,KYEBE
119,192,6,NANGOMA
119,194,1,KABIRA
119,194,2,KALISIZO
119,194,3,"KASAALI TOWN COUNCIL"
119,194,4,KIRUMBA
119,194,5,"KYOTERA TOWN COUNCIL"
119,194,6,LWANKONI
119,194,7,NABIGASA
119,194,8,"KALISIZO TOWN COUNCIL"
120,127,1,BUWABWALA
120,127,2,BUMWONI
120,127,3,BUMBO
120,127,4,BUPOTO
120,127,5,BUBUTU
120,127,6,MAGALE
120,127,7,NAMABYA
120,127,8,TSEKULULU
120,127,9,"LWAKHAKHA TOWN COUNCIL"
120,127,10,BUKOKHO
120,127,11,MUKOTO
120,127,12,NAMBOKO
120,127,13,BUKIABI
120,127,14,BUKHABUSI
120,127,15,BUKHAWEKA
120,127,16,"NAMISINDWA TOWN COUNCIL"
120,127,17,"MAGALE TOWN COUNCIL"
120,127,18,"BUMBO TOWN COUNCIL"
120,127,19,BUMITYERO
120,127,20,NAMITSA
120,127,21,BUWAMBWA
120,127,22,NABITSIKHI
120,127,23,BUWATUWA
120,127,24,BUMUMALI
120,127,25,BUNGATI
120,127,26,MUKHUYU
121,181,1,PAKWACH
121,181,2,"PAKWACH TOWN COUNCIL"
121,181,3,PANYANGO
121,181,4,PANYIMUR
121,181,5,WADELAI
121,181,6,ALWI
121,181,7,"PANYIMUR TOWN COUNCIL"
121,181,8,DEI
121,181,9,RAGEM
121,181,10,POKWERO
122,49,1,BUKINDA
122,49,2,KAMWEZI
122,49,3,KASHAMBYA
122,49,4,RWAMUCUCU
122,49,5,"MUHANGA TOWN COUNCIL"
122,49,6,"MPARO TOWN COUNCIL"
123,30,1,BUYANGA
123,30,2,IBULANKU
123,30,3,MAKUUTU
123,30,4,NAMALEMBA
123,30,5,"BUSEMBATIA TOWN COUNCIL"
123,30,6,IGOMBE
124,202,1,ACOWA
124,202,2,KAPELEBYONG
124,202,3,OBALANGA
124,202,4,AKOROMIT
